participant_id	original_id	sex	age	group	meal_order	tms_order
sub-01	NODEAP_06	M	31	pOFC	Sweet	321
sub-02	NODEAP_07	F	32	aOFC	Savory	312
sub-03	NODEAP_08	M	26	pOFC	Sweet	132
sub-04	NODEAP_09	F	22	pOFC	Savory	321
sub-05	NODEAP_10	M	24	pOFC	Savory	321
sub-06	NODEAP_12	F	21	aOFC	Savory	123
sub-07	NODEAP_13	F	33	aOFC	Sweet	231
sub-08	NODEAP_15	F	27	pOFC	Sweet	231
sub-09	NODEAP_16	F	22	pOFC	Savory	231
sub-10	NODEAP_17	F	26	pOFC	Savory	213
sub-11	NODEAP_24	F	21	pOFC	Sweet	321
sub-12	NODEAP_26	F	28	pOFC	Sweet	213
sub-13	NODEAP_30	M	31	aOFC	Sweet	213
sub-14	NODEAP_34	M	28	pOFC	Sweet	132
sub-15	NODEAP_35	M	22	pOFC	Savory	123
sub-16	NODEAP_36	F	30	pOFC	Savory	123
sub-17	NODEAP_39	F	20	aOFC	Savory	321
sub-18	NODEAP_41	F	22	aOFC	Savory	213
sub-19	NODEAP_43	F	23	aOFC	Savory	123
sub-20	NODEAP_44	F	25	pOFC	Sweet	132
sub-21	NODEAP_45	M	29	aOFC	Savory	312
sub-22	NODEAP_46	F	26	aOFC	Savory	213
sub-23	NODEAP_48	M	25	aOFC	Sweet	123
sub-24	NODEAP_51	F	25	aOFC	Sweet	321
sub-25	NODEAP_53	F	20	aOFC	Savory	231
sub-26	NODEAP_55	F	20	aOFC	Sweet	312
sub-27	NODEAP_56	M	40	aOFC	Savory	321
sub-28	NODEAP_59	M	32	pOFC	Sweet	213
sub-29	NODEAP_60	M	21	aOFC	Savory	132
sub-30	NODEAP_63	F	20	pOFC	Sweet	312
sub-31	NODEAP_64	F	23	pOFC	Savory	132
sub-32	NODEAP_65	M	26	pOFC	Sweet	123
sub-33	NODEAP_66	F	27	aOFC	Sweet	213
sub-34	NODEAP_68	F	23	aOFC	Sweet	132
sub-35	NODEAP_70	F	25	pOFC	Savory	312
sub-36	NODEAP_73	F	26	aOFC	Sweet	123
sub-37	NODEAP_74	M	25	pOFC	Sweet	312
sub-38	NODEAP_76	F	25	pOFC	Savory	213
sub-39	NODEAP_77	F	26	pOFC	Savory	132
sub-40	NODEAP_78	F	26	aOFC	Savory	231
sub-41	NODEAP_79	M	27	pOFC	Sweet	231
sub-42	NODEAP_80	M	24	aOFC	Sweet	231
sub-43	NODEAP_83	F	24	pOFC	Savory	312
sub-44	NODEAP_84	F	20	aOFC	Sweet	312
sub-45	NODEAP_85	F	20	aOFC	Sweet	132
sub-46	NODEAP_86	M	18	aOFC	Savory	123
sub-47	NODEAP_87	F	25	aOFC	Sweet	321
sub-48	NODEAP_88	F	25	pOFC	Sweet	231
